/*INSERT INTO tracks VALUES('1RI3rY6Y5Shrr2pFCO1xmu', 'Beach2k20 - Yaeji Remix', 36, 'https://p.scdn.co/mp3-preview/08be7225f817da6f...');
INSERT INTO tracks VALUES('2Fxmhks0bxGSBdJ92vM42m', 'bad guy', 94, 'https://p.scdn.co/mp3-preview/11fadb5f777b56f8...');
INSERT INTO tracks VALUES('39nTNk5MfyiiRupTwn1iyC', 'Take It Out On Me', 77, 'https://p.scdn.co/mp3-preview/3acbfa9184485bd6...	');
*/
 -- literally deleted all of the above.
--genres.
INSERT INTO genre VALUES ('brostep');INSERT INTO genre VALUES ('catstep');INSERT INTO genre VALUES ('edm');INSERT INTO genre VALUES ('gaming edm');
INSERT INTO genre VALUES ('chillstep'); INSERT INTO genre VALUES ('bass trap');INSERT INTO genre VALUES ('complextro');INSERT INTO genre VALUES ('danish electronic');
INSERT INTO genre VALUES ('electro house');INSERT INTO genre VALUES ('glitch');INSERT INTO genre VALUES ('pop edm');INSERT INTO genre VALUES ('antiviral pop');
INSERT INTO genre VALUES ('comedy');INSERT INTO genre VALUES ('comic');INSERT INTO genre VALUES ('traprun');INSERT INTO genre VALUES ('classical piano');
INSERT INTO genre VALUES ('detroit hip hop');INSERT INTO genre VALUES ('g funk');INSERT INTO genre VALUES ('hip hop');INSERT INTO genre VALUES ('rap');
INSERT INTO genre VALUES ('big room'); INSERT INTO genre VALUES ('tropical house');INSERT INTO genre VALUES ('dance pop');INSERT INTO genre VALUES ('modern rock');
INSERT INTO genre VALUES ('deep big room');INSERT INTO genre VALUES ('canadian pop');INSERT INTO genre VALUES ('pop');INSERT INTO genre VALUES ('rock');
INSERT INTO genre VALUES ('progressive electro house');INSERT INTO genre VALUES ('candy pop');INSERT INTO genre VALUES ('post-teen pop');INSERT INTO genre VALUES ('emo');
INSERT INTO genre VALUES ('pop punk');INSERT INTO genre VALUES ('alternative rock');INSERT INTO genre VALUES ('neo mellow');INSERT INTO genre VALUES ('pop rock');
INSERT INTO genre VALUES ('post-grunge'); INSERT INTO genre VALUES ('funk metal');INSERT INTO genre VALUES ('funk rock');INSERT INTO genre VALUES ('permanent wave');

--into artists.
INSERT INTO artists VALUES ('6lO3fSdhsdpeOcrbqAJsRU', 'Aero Chord', 60, 182177, 'https://i.scdn.co/image/88c6b2f261c4cb83b98651...');
INSERT INTO artists VALUES ('4vbSzek6Iw2mJ5J5FZQ1Kp', 'Máfia Red', 18, 79, 'https://i.scdn.co/image/f5cd1c189a7d2522f3f574...');
INSERT INTO artists VALUES ('28Ky95tmlHktB96DBUoB0g', 'Tristam', 58, 184124, 'https://i.scdn.co/image/7e3a4a35fb368ced23ce48...');
INSERT INTO artists VALUES ('1SFSz2SewAsgPeFvGmAouI', 'Braken', 54, 20999, 'https://i.scdn.co/image/002bbc93b5ff72afae4044...');
INSERT INTO artists VALUES ('2Q3eZMfDQgT8MhPowKFXYO', 't.A.T.u.', 60, 396132, 'https://i.scdn.co/image/88c6b2f261c4cb83b98651...');
--round 2
INSERT INTO artists VALUES  ('3K0GDmmiRwn1Zc7RZzTeAz','Panda Eyes', 55, 153470,	'https://i.scdn.co/image/96b940d257387ae1f37f3a...');
INSERT INTO artists VALUES  ('6RQ9kYbHisp1UUbnfwHNeU', 'Feint', 58, 91129,	'https://i.scdn.co/image/2c8fcd93cfa8f5fba8185d...');
INSERT INTO artists VALUES  ('1feoGrmmD8QmNqtK2Gdwy8', 'Tobu', 59, 273238,	'https://i.scdn.co/image/b6c0d57f2ba36b573350d8...');
INSERT INTO artists VALUES  ('0lLY20XpZ9yDobkbHI7u1y', 'Pegboard Nerds'	, 60, 305911,	'https://i.scdn.co/image/e913ff5c6a3136b5ed85c7...');
INSERT INTO artists VALUES  ('0pCGA9tdtbWwo1pKIs0CFx', 'Different Heaven', 57, 153931,	'https://i.scdn.co/image/907995929926db86520c1a...');
INSERT INTO artists VALUES  ('1kgxTtyF91VaqLD3J6Krd5', 'Hellberg', 51, 45130,	'https://i.scdn.co/image/114be8288adf75ebfe7444...');
INSERT INTO artists VALUES  ('2Waw2sSbqvAwK8NwACNjVo', 'Bo Burnham', 59, 378062,	'https://i.scdn.co/image/ab67616d0000b2737bcd00...');
INSERT INTO artists VALUES ('7vk5e3vY1uw9plTHJAMwjN', 'Alan Walker',86,19587265,	'https://i.scdn.co/image/c5c098af718b187525fb2f...');
INSERT INTO artists VALUES  ('0iqgjl0OG3z53PZVIB7ZyD', 'Víkingur Ólafsson',59,15804,	'https://i.scdn.co/image/095380cbea484f4c339675...');
INSERT INTO artists VALUES  ('2WMIMX93pQyfyAF2J2r1ID',	'Veorra',52,75984,	'https://i.scdn.co/image/66b775bc2361a03832acce...');
INSERT INTO artists VALUES  ('7dGJo4pcD2V6oG8kP0tJRR', 'Eminem', 94, 33923397,	'https://i.scdn.co/image/56f4762485066b4ef867b9...');
INSERT INTO artists VALUES  ('0daugAjUgbJSqdlyYNwIbT', 'Vicetone', 67, 298419,	'https://i.scdn.co/image/fd41e3b82bedaaa95a0363...');
INSERT INTO artists VALUES  ('0kXCdaJ7C5MD27jXxzvHsa', 'Ahrix', 65, 66977,	'https://i.scdn.co/image/7178938790c4a1004f2299...');
INSERT INTO artists VALUES  ('0p4nmQO2msCgU4IF37Wi3j', 'Avril Lavigne', 78, 5671949,	'https://i.scdn.co/image/035ad2a01098302eb1d195...');
INSERT INTO artists VALUES  ('3YQKmKGau1PzlVlkL1iodx', 'Twenty One Pilots', 84, 16577127, 'https://i.scdn.co/image/19e8f3bc875b7a4b9cf004...');
INSERT INTO artists VALUES  ('4UXqAaa6dQYAk18Lv7PEgX', 'Fall Out Boy', 82, 7763643,	'https://i.scdn.co/image/078a111caaad88290dfa51...');
INSERT INTO artists VALUES  ('6TcnmlCSxihzWOQJ8k0rNS','Third Eye Blind',67, 925077,	'https://i.scdn.co/image/570ebd63a28514f142de62...');
INSERT INTO artists VALUES  ('0L8ExT028jH3ddEcZwqJJ5', 'Red Hot Chili Peppers', 84,	12981183,	'https://i.scdn.co/image/89bc3c14aa2b4f250033ff...');
INSERT INTO artists VALUES  ('1l77H77LuXtybJS9PaSQ53','Vanze',42,9568,	'https://i.scdn.co/image/fe98b565948ed99b5b78d3...');





--artist has genres
INSERT INTO artisthasgenre VALUES ('bass trap','6lO3fSdhsdpeOcrbqAJsRU');
INSERT INTO artisthasgenre VALUES ('catstep','6lO3fSdhsdpeOcrbqAJsRU');
INSERT INTO artisthasgenre VALUES ('edm','6lO3fSdhsdpeOcrbqAJsRU');
INSERT INTO artisthasgenre VALUES ('electro house','6lO3fSdhsdpeOcrbqAJsRU');
INSERT INTO artisthasgenre VALUES ('gaming edm','6lO3fSdhsdpeOcrbqAJsRU');

--round 2.

INSERT INTO artisthasgenre VALUES ('Brostep','3K0GDmmiRwn1Zc7RZzTeAz');
INSERT INTO artisthasgenre VALUES ('Catstep',	'3K0GDmmiRwn1Zc7RZzTeAz');
INSERT INTO artisthasgenre VALUES ('Edm',	'3K0GDmmiRwn1Zc7RZzTeAz');
INSERT INTO artisthasgenre VALUES ('gaming edm',	'3K0GDmmiRwn1Zc7RZzTeAz');
INSERT INTO artisthasgenre VALUES ('Catstep',	'6RQ9kYbHisp1UUbnfwHNeU');

--insert into tracks.

INSERT INTO TRACKS VALUES ('7kwKHwkxvT9JV7uhNcHIbn','4U',50,'https://p.scdn.co/mp3-preview/597230311995f905…',0.0264,0.583,0.985,0.366,0.489,-1.826,1,0.0425,108.004,4,0.494);
INSERT INTO TRACKS VALUES ('11jn28amYUu33PdLmZ6ayK','Susu High',25, 'https://p.scdn.co/mp3-preview/4aa8a7f30f9ac8b0…',0.0203,0.298,0.463,0.000041,0.365,-16.142	,0,0.0741,81.9,5,0.463);
INSERT INTO TRACKS VALUES ('23qSOTzMlj97ltJyah0lnV',	'Flight',	64,	'https://p.scdn.co/mp3-preview/57f0942a1bbc66a7…',0.0409,0.495,0.756,	0.000027,0.102,-5.734,0,0.655,87.396,4,0.217);
INSERT INTO TRACKS VALUES ('4bJygwUKrRgq1stlNXcgMg', 'All The Things She Said',67,'https://p.scdn.co/mp3-preview/0895b460a675006e…',0.0411,0.603,0.834,0.00609,0.105,-5.766	,0,0.0417,89.956,4,0.376);
INSERT INTO TRACKS VALUES ('4YhITuwINLCfXYB2WCXbCZ','Force',65,'https://p.scdn.co/mp3-preview/96588c4d75d8e225…',0.00192,0.597,0.544,0.0562,0.07,-8.868,0,0.062,	105.014,4,0.263);
INSERT INTO TRACKS VALUES ('4YSY7W5Kj82QPZbbkqWAbb','Radiate',15,'None',	0.000173,	0.694,	0.844,	0.96,	0.337,	-8.025	,0,0.0598,140.029,4,0.3);
INSERT INTO TRACKS VALUES ('0vyFzjW3hUlGnIYaP8NU8X','Skystrike',50,'https://p.scdn.co/mp3-preview/323624806440cc9a…',0.00214,0.688,0.831,0.0407,0.0809,-4.091	,1,0.0502,	128.021,4,0.592);
INSERT INTO TRACKS VALUES ('2Qjtb7JOzyhlQaIkSfVF62','Highscore',50,'None',	0.00236,	0.609,	0.849,	0.794,	0.0625,-4.83,0,0.0416,109.993,4,0.288);
INSERT INTO TRACKS VALUES ('3Z8MtqXPuviYvYpJHUR3PJ',	'Samurai',	44,	'https://p.scdn.co/mp3-preview/490d6937b8cede39…',	0.0208,	0.51,	0.802,	0.000774,	0.103,	-5.28	,0,	0.249,	200.009,	4,	0.164);
INSERT INTO TRACKS VALUES ('7vzvJb3oRaz8w6MPMa7Kml',	'MTC - Different Heaven Remix',	41,	'https://p.scdn.co/mp3-preview/c36d3b312db14479…',	0.000248,	0.509,	0.927,	0.0639,	0.184,	-3.168	,0,	0.0682,	175.032,	4,	0.607);
INSERT INTO TRACKS VALUES ('3uZtP8Jf7rdRS7ARASBLmN',	'Highscore',	56,	'https://p.scdn.co/mp3-preview/1560a6dd44c4a44a…',	0.00212,	0.603,	0.854,	0.861,	0.0623,	-4.802	,0,	0.0422,	109.978,	4,	0.279);
INSERT INTO TRACKS VALUES ('2zVJlAEB0ublkqJMIn43AE',	'Symbolism',	59,	'https://p.scdn.co/mp3-preview/602f69a497417baf…',	0.171,	0.554,	0.782,	0.806,	0.0703,	-7.967	,1,	0.0469,	169.973,	4,	0.418);
INSERT INTO TRACKS VALUES ('1cbiseIb2jg2xzf48InKkc',	'Nothing More (Deaf Kev Remix)',	36,	'https://p.scdn.co/mp3-preview/6b8cc2cd5490015a…',	0.0123,	0.383,	0.831,	0.0661,	0.102,	-5.063	,1,	0.0511,	199.85,	4,	0.0912);
INSERT INTO TRACKS VALUES ('7MTZVwYiEahXQIyCU2FLPV',	'Invincible',	64,	'https://p.scdn.co/mp3-preview/21a65265d77bb50f…',	0.000153,	0.567,	0.97,	0.705,	0.0763,	-2.858	,0,	0.0497,	100.011,	4,	0.278);
INSERT INTO TRACKS VALUES ('5qhFkLZND4obdGTeK5P62Z',	'Radiate',	35,	'https://p.scdn.co/mp3-preview/5f5baf1841ef939a…',	0.000179,	0.694,	0.842,	0.955,	0.321,	-8.015	,0,	0.0596,	140.032,	4,	0.281);
INSERT INTO TRACKS VALUES ('6VoIBz0VhCyz7OdEoRYDiA',	'Say It Aint So',	73,	'https://p.scdn.co/mp3-preview/d80b84c7c4c0ef74…',	0.00737,	0.634,	0.551,	0.000018,	0.07,	-7.136	,1,	0.0352,	151.779,	4,	0.453);
INSERT INTO TRACKS VALUES ('5Z01UMMf7V1o0MzF86s6WJ',	'Lose Yourself - From "8 Mile" Soundtrack',	77,	'https://p.scdn.co/mp3-preview/1f611118a3727baf…',	0.00868,	0.692,	0.744,	0.000423,	0.359,	-4.565	,1,	0.257,	171.374,	4,	0.0612);
INSERT INTO TRACKS VALUES ('0lMrWcrVXHPEuVBuc0nRzZ',	'Spectre',	67,	'https://p.scdn.co/mp3-preview/97fd9d38c73e5c5e…',	0.000875,	0.804,	0.758,	0.331,	0.125,	-4.819	,1,	0.0483,	127.946,	4,	0.424);
INSERT INTO TRACKS VALUES ('3wjen23Xb9H1kU4V50QyiZ',	'Gold (feat. Yuna)',	51,	'https://p.scdn.co/mp3-preview/2a65ca4b6affc61b…',	0.0319,	0.479,	0.675,	0.00536,	0.128,	-4.893	,0,	0.0413,	145.022,	4,	0.189);

--albums
INSERT INTO albums VALUES	('2bpbEoARS952fefaTkAwwk', '4U', 'SINGLE',	'https://i.scdn.co/image/ab67616d0000b2733cf42d...', '2015-08-03');
INSERT INTO albums VALUES ('3EYET6X83XNx1RuowrwXVk', 'Susu High', 'SINGLE',	'https://i.scdn.co/image/ab67616d0000b273b77ab6... ', '2019-01-31');	
INSERT INTO albums VALUES ('1CpRaSFkWAV2uysBdXp0gJ', 'Flight', 'SINGLE',	'https://i.scdn.co/image/ab67616d0000b273c48ca6...', '2013-02-16');
INSERT INTO albums VALUES ('4vyPN44zoiJXE6hruCCrGB', '200 KM/H In The Wrong Lane (10th Anniversary E...','ALBUM',  'https://i.scdn.co/image/ab67616d0000b2733b27e1...', '2002');
INSERT INTO albums VALUES ('0SD7WKX5j92D3g3N4JM8N3', 'Force', 'SINGLE', 'https://i.scdn.co/image/ab67616d0000b273801866... ', '2015-04-02');
